trial_index,original_emotion,filename,aoi_id,aoi_type,x1,y1,x2,y2,width,height,area_px,area_prop,confidence,source,text,verification_status,verification_notes,img_w,img_h,image_path
1,Negativo,906_orig_1037.jpg,906_orig_1037_text_01,text,456,844,494,888,38,44,1672,0.0011467764060356,0.9987648965289396,easyocr,M,accepted,,1080,1350,C:\Users\Martin\Desktop\memoria\imagenes\top_imagenes\negative\906_orig_1037.jpg
1,Negativo,906_orig_1037.jpg,906_orig_1037_text_02,text,499,839,637,893,138,54,7452,0.0051111111111111,0.6689052028139879,easyocr,IA 115E,accepted,,1080,1350,C:\Users\Martin\Desktop\memoria\imagenes\top_imagenes\negative\906_orig_1037.jpg
2,Negativo,1420_orig_1915.jpg,1420_orig_1915_face_01,face,175,172,509,506,334,334,111556,0.151570652173913,0.8220468759536743,mediapipe_face_detection,,accepted,,736,1000,C:\Users\Martin\Desktop\memoria\imagenes\top_imagenes\negative\1420_orig_1915.jpg
2,Negativo,1420_orig_1915.jpg,1420_orig_1915_text_01,text,554,238,694,298,140,60,8400,0.0114130434782608,0.9080782656292462,easyocr,FASHION'S MORE-IS-,accepted,,736,1000,C:\Users\Martin\Desktop\memoria\imagenes\top_imagenes\negative\1420_orig_1915.jpg
2,Negativo,1420_orig_1915.jpg,1420_orig_1915_text_02,text,13,263,199,319,186,56,10416,0.0141521739130434,0.9982281720052812,easyocr,MARGOT,accepted,,736,1000,C:\Users\Martin\Desktop\memoria\imagenes\top_imagenes\negative\1420_orig_1915.jpg
2,Negativo,1420_orig_1915.jpg,1420_orig_1915_text_03,text,580,282,666,320,86,38,3268,0.0044402173913043,0.723149805918122,easyocr,MORE,accepted,,736,1000,C:\Users\Martin\Desktop\memoria\imagenes\top_imagenes\negative\1420_orig_1915.jpg
2,Negativo,1420_orig_1915.jpg,1420_orig_1915_text_04,text,13,298,162,352,149,54,8046,0.0109320652173913,0.9999619422521018,easyocr,ROBBIE,accepted,,736,1000,C:\Users\Martin\Desktop\memoria\imagenes\top_imagenes\negative\1420_orig_1915.jpg
2,Negativo,1420_orig_1915.jpg,1420_orig_1915_text_05,text,568,302,680,344,112,42,4704,0.006391304347826,0.9888763828138208,easyocr,SEASON,accepted,,736,1000,C:\Users\Martin\Desktop\memoria\imagenes\top_imagenes\negative\1420_orig_1915.jpg
2,Negativo,1420_orig_1915.jpg,1420_orig_1915_text_06,text,16,335,182,394,166,59,9794,0.0133070652173913,0.7016797364309882,easyocr,"FEARLESS, FUN, AND DEFYING",accepted,,736,1000,C:\Users\Martin\Desktop\memoria\imagenes\top_imagenes\negative\1420_orig_1915.jpg
2,Negativo,1420_orig_1915.jpg,1420_orig_1915_text_07,text,14,378,192,436,178,58,10324,0.0140271739130434,0.9998960351026748,easyocr,HOLLYWOOD'S EXPECTATIONS,accepted,,736,1000,C:\Users\Martin\Desktop\memoria\imagenes\top_imagenes\negative\1420_orig_1915.jpg
2,Negativo,1420_orig_1915.jpg,1420_orig_1915_text_08,text,512,322,732,510,220,188,41360,0.056195652173913,0.9998533321176628,easyocr,43,accepted,,736,1000,C:\Users\Martin\Desktop\memoria\imagenes\top_imagenes\negative\1420_orig_1915.jpg
2,Negativo,1420_orig_1915.jpg,1420_orig_1915_text_09,text,12,448,164,492,152,44,6688,0.0090869565217391,0.5391167026200904,easyocr,JILL BIDEN,accepted,,736,1000,C:\Users\Martin\Desktop\memoria\imagenes\top_imagenes\negative\1420_orig_1915.jpg
2,Negativo,1420_orig_1915.jpg,1420_orig_1915_text_10,text,16,476,110,514,94,38,3572,0.0048532608695652,0.7810541712941177,easyocr,ON THE,accepted,,736,1000,C:\Users\Martin\Desktop\memoria\imagenes\top_imagenes\negative\1420_orig_1915.jpg
2,Negativo,1420_orig_1915.jpg,1420_orig_1915_text_11,text,14,498,140,554,126,56,7056,0.0095869565217391,0.9989854385724029,easyocr,RACE OF A LIFETIME,accepted,,736,1000,C:\Users\Martin\Desktop\memoria\imagenes\top_imagenes\negative\1420_orig_1915.jpg
2,Negativo,1420_orig_1915.jpg,1420_orig_1915_text_12,text,536,486,714,550,178,64,11392,0.0154782608695652,0.9980412499439372,easyocr,LOOKS,accepted,,736,1000,C:\Users\Martin\Desktop\memoria\imagenes\top_imagenes\negative\1420_orig_1915.jpg
2,Negativo,1420_orig_1915.jpg,1420_orig_1915_text_13,text,542,530,700,592,158,62,9796,0.0133097826086956,0.9960617573296492,easyocr,TO DRESS UP YOUR LIFEI,accepted,,736,1000,C:\Users\Martin\Desktop\memoria\imagenes\top_imagenes\negative\1420_orig_1915.jpg
2,Negativo,1420_orig_1915.jpg,1420_orig_1915_text_14,text,558,746,696,790,138,44,6072,0.00825,0.6226435905599786,easyocr,BE MORE,accepted,,736,1000,C:\Users\Martin\Desktop\memoria\imagenes\top_imagenes\negative\1420_orig_1915.jpg
2,Negativo,1420_orig_1915.jpg,1420_orig_1915_text_15,text,580,772,676,816,96,44,4224,0.0057391304347826,0.9999556442874092,easyocr,CHILL,accepted,,736,1000,C:\Users\Martin\Desktop\memoria\imagenes\top_imagenes\negative\1420_orig_1915.jpg
2,Negativo,1420_orig_1915.jpg,1420_orig_1915_text_16,text,556,800,696,856,140,56,7840,0.0106521739130434,0.9403828801217452,easyocr,THE RISE OF NEXT-GEN,accepted,,736,1000,C:\Users\Martin\Desktop\memoria\imagenes\top_imagenes\negative\1420_orig_1915.jpg
2,Negativo,1420_orig_1915.jpg,1420_orig_1915_text_17,text,550,840,702,878,152,38,5776,0.0078478260869565,0.947804065625116,easyocr,ICE CREAMS,accepted,,736,1000,C:\Users\Martin\Desktop\memoria\imagenes\top_imagenes\negative\1420_orig_1915.jpg
3,Neutral,790_orig_889.jpg,790_orig_889_text_01,text,532,609,628,760,96,151,14496,0.0099350275516078,0.9115764744883884,easyocr,1,accepted,,1080,1351,C:\Users\Martin\Desktop\memoria\imagenes\top_imagenes\neutral\790_orig_889.jpg
5,Positivo,77_orig_76.jpg,77_orig_76_text_01,text,321,347,357,379,36,32,1152,0.0007895386133728,0.6933116899973726,easyocr,m,accepted,,1080,1351,C:\Users\Martin\Desktop\memoria\imagenes\top_imagenes\positive\77_orig_76.jpg
5,Positivo,77_orig_76.jpg,77_orig_76_text_02,text,697,307,961,379,264,72,19008,0.0130273871206513,0.9617586736417988,easyocr,SHARING SHZE,accepted,,1080,1351,C:\Users\Martin\Desktop\memoria\imagenes\top_imagenes\positive\77_orig_76.jpg
5,Positivo,77_orig_76.jpg,77_orig_76_text_03,text,222,401,351,485,129,84,10836,0.0074265975820379,0.997329588610596,easyocr,CRUNCHY COOKiE,accepted,,1080,1351,C:\Users\Martin\Desktop\memoria\imagenes\top_imagenes\positive\77_orig_76.jpg
5,Positivo,77_orig_76.jpg,77_orig_76_text_04,text,726,742,838,850,112,108,12096,0.0082901554404145,0.5119538930762388,easyocr,m,accepted,,1080,1351,C:\Users\Martin\Desktop\memoria\imagenes\top_imagenes\positive\77_orig_76.jpg
5,Positivo,77_orig_76.jpg,77_orig_76_text_05,text,184,878,242,914,58,36,2088,0.0014310387367382,0.9377908650664446,easyocr,"m,",accepted,,1080,1351,C:\Users\Martin\Desktop\memoria\imagenes\top_imagenes\positive\77_orig_76.jpg
5,Positivo,77_orig_76.jpg,77_orig_76_text_06,text,0,905,31,935,31,30,930,0.0006373879430874,0.6176334647799173,easyocr,m,accepted,,1080,1351,C:\Users\Martin\Desktop\memoria\imagenes\top_imagenes\positive\77_orig_76.jpg
5,Positivo,77_orig_76.jpg,77_orig_76_text_07,text,45,901,85,933,40,32,1280,0.0008772651259697,0.9856049682659886,easyocr,m,accepted,,1080,1351,C:\Users\Martin\Desktop\memoria\imagenes\top_imagenes\positive\77_orig_76.jpg
5,Positivo,77_orig_76.jpg,77_orig_76_text_08,text,91,1011,133,1043,42,32,1344,0.0009211283822682,0.9959062597374668,easyocr,m,accepted,,1080,1351,C:\Users\Martin\Desktop\memoria\imagenes\top_imagenes\positive\77_orig_76.jpg
5,Positivo,77_orig_76.jpg,77_orig_76_text_09,text,433,1005,473,1037,40,32,1280,0.0008772651259697,0.3243198960901736,easyocr,I,accepted,,1080,1351,C:\Users\Martin\Desktop\memoria\imagenes\top_imagenes\positive\77_orig_76.jpg
5,Positivo,77_orig_76.jpg,77_orig_76_text_10,text,814,1092,866,1136,52,44,2288,0.0015681114126709,0.992988759722394,easyocr,m,accepted,,1080,1351,C:\Users\Martin\Desktop\memoria\imagenes\top_imagenes\positive\77_orig_76.jpg
5,Positivo,77_orig_76.jpg,77_orig_76_text_11,text,409,1115,447,1147,38,32,1216,0.0008334018696712,0.3166175528292294,easyocr,In,accepted,,1080,1351,C:\Users\Martin\Desktop\memoria\imagenes\top_imagenes\positive\77_orig_76.jpg
5,Positivo,77_orig_76.jpg,77_orig_76_text_12,text,0,1219,53,1267,53,48,2544,0.0017435644378649,0.995575207565654,easyocr,m,accepted,,1080,1351,C:\Users\Martin\Desktop\memoria\imagenes\top_imagenes\positive\77_orig_76.jpg
5,Positivo,77_orig_76.jpg,77_orig_76_text_13,text,52,118,237,268,185,150,27750,0.0190188337856731,0.9992216240181744,easyocr,NEW,accepted,,1080,1351,C:\Users\Martin\Desktop\memoria\imagenes\top_imagenes\positive\77_orig_76.jpg
5,Positivo,77_orig_76.jpg,77_orig_76_text_14,text,391,318,499,373,108,55,5940,0.0040710584752035,0.9992201302636584,easyocr,RESEALABLE,accepted,,1080,1351,C:\Users\Martin\Desktop\memoria\imagenes\top_imagenes\positive\77_orig_76.jpg
5,Positivo,77_orig_76.jpg,77_orig_76_text_15,text,581,403,676,453,95,50,4750,0.0032554760534035,0.9998311672826156,easyocr,CANDIES,accepted,,1080,1351,C:\Users\Martin\Desktop\memoria\imagenes\top_imagenes\positive\77_orig_76.jpg
5,Positivo,77_orig_76.jpg,77_orig_76_text_16,text,481,411,602,469,121,58,7018,0.0048098801984812,0.994531946595264,easyocr,CHOCOLATE,accepted,,1080,1351,C:\Users\Martin\Desktop\memoria\imagenes\top_imagenes\positive\77_orig_76.jpg
5,Positivo,77_orig_76.jpg,77_orig_76_text_17,text,190,383,878,730,688,347,238736,0.1636209118074403,0.494308099388637,easyocr,Mems,accepted,,1080,1351,C:\Users\Martin\Desktop\memoria\imagenes\top_imagenes\positive\77_orig_76.jpg
6,Negativo,1150_orig_1386.jpg,1150_orig_1386_face_01,face,450,223,637,410,187,187,34969,0.0239842249657064,0.8462673425674438,mediapipe_face_detection,,accepted,,1080,1350,C:\Users\Martin\Desktop\memoria\imagenes\top_imagenes\negative\1150_orig_1386.jpg
6,Negativo,1150_orig_1386.jpg,1150_orig_1386_text_01,text,648,558,706,600,58,42,2436,0.0016707818930041,0.8272656778287375,easyocr,cK,accepted,,1080,1350,C:\Users\Martin\Desktop\memoria\imagenes\top_imagenes\negative\1150_orig_1386.jpg
6,Negativo,1150_orig_1386.jpg,1150_orig_1386_text_02,text,582,964,700,1028,118,64,7552,0.0051796982167352,0.8353334155469735,easyocr,Kle,accepted,,1080,1350,C:\Users\Martin\Desktop\memoria\imagenes\top_imagenes\negative\1150_orig_1386.jpg
7,Neutral,811_orig_910.jpg,811_orig_910_text_01,text,27,90,980,179,953,89,84817,0.0727169067215363,0.7144550068976613,easyocr,Omg-there's a whole thirst trap in this car,accepted,,1080,1080,C:\Users\Martin\Desktop\memoria\imagenes\top_imagenes\neutral\811_orig_910.jpg
8,Neutral,859_orig_958.jpg,859_orig_958_text_01,text,460,491,495,526,35,35,1225,0.0008401920438957,0.4433018440602009,easyocr,Hik Wut,accepted,,1080,1350,C:\Users\Martin\Desktop\memoria\imagenes\top_imagenes\neutral\859_orig_958.jpg
9,Negativo,584_orig_683.jpg,584_orig_683_text_01,text,385,859,493,885,108,26,2808,0.00609375,0.3000335095407228,easyocr,ACCESS-AGENCY NET,accepted,,512,900,C:\Users\Martin\Desktop\memoria\imagenes\top_imagenes\negative\584_orig_683.jpg
10,Positivo,91_orig_90.jpg,91_orig_90_face_01,face,444,185,652,394,208,209,43472,0.0298161865569272,0.9292977452278136,mediapipe_face_detection,,accepted,,1080,1350,C:\Users\Martin\Desktop\memoria\imagenes\top_imagenes\positive\91_orig_90.jpg
10,Positivo,91_orig_90.jpg,91_orig_90_text_01,text,54,208,298,244,244,36,8784,0.0060246913580246,0.8319004655191421,easyocr,UNDER ARMOUR,accepted,,1080,1350,C:\Users\Martin\Desktop\memoria\imagenes\top_imagenes\positive\91_orig_90.jpg
11,Positivo,272_orig_271.jpg,272_orig_271_text_01,text,46,968,260,1006,214,38,8132,0.0069718792866941,0.9999424912829828,easyocr,Perfect Moments,accepted,,1080,1080,C:\Users\Martin\Desktop\memoria\imagenes\top_imagenes\positive\272_orig_271.jpg
11,Positivo,272_orig_271.jpg,272_orig_271_text_02,text,19,991,288,1055,269,64,17216,0.0147599451303155,0.387057251453918,easyocr,together,accepted,,1080,1080,C:\Users\Martin\Desktop\memoria\imagenes\top_imagenes\positive\272_orig_271.jpg
13,Negativo,41_orig_40.jpg,41_orig_40_text_01,text,138,26,274,88,136,62,8432,0.0057832647462277,0.9876963206581454,easyocr,2 5th,accepted,,1080,1350,C:\Users\Martin\Desktop\memoria\imagenes\top_imagenes\negative\41_orig_40.jpg
13,Negativo,41_orig_40.jpg,41_orig_40_text_02,text,305,23,943,91,638,68,43384,0.029755829903978,0.3613271214403008,easyocr,A N N I V E R $ A R Y,accepted,,1080,1350,C:\Users\Martin\Desktop\memoria\imagenes\top_imagenes\negative\41_orig_40.jpg
13,Negativo,41_orig_40.jpg,41_orig_40_text_03,text,404,92,554,130,150,38,5700,0.0039094650205761,0.4240465859052396,easyocr,E V E R Y:,accepted,,1080,1350,C:\Users\Martin\Desktop\memoria\imagenes\top_imagenes\negative\41_orig_40.jpg
13,Negativo,41_orig_40.jpg,41_orig_40_text_04,text,552,92,678,132,126,40,5040,0.0034567901234567,0.4894553694000699,easyocr,$ A G A,accepted,,1080,1350,C:\Users\Martin\Desktop\memoria\imagenes\top_imagenes\negative\41_orig_40.jpg
13,Negativo,41_orig_40.jpg,41_orig_40_text_05,text,342,118,736,156,394,38,14972,0.0102688614540466,0.4410780841394373,easyocr,H A $ A B E G I N NI N G,accepted,,1080,1350,C:\Users\Martin\Desktop\memoria\imagenes\top_imagenes\negative\41_orig_40.jpg
13,Negativo,41_orig_40.jpg,41_orig_40_text_06,text,270,974,510,1018,240,44,10560,0.0072427983539094,0.868679394952855,easyocr,SSTAR WARS,accepted,,1080,1350,C:\Users\Martin\Desktop\memoria\imagenes\top_imagenes\negative\41_orig_40.jpg
13,Negativo,41_orig_40.jpg,41_orig_40_text_07,text,267,1007,741,1111,474,104,49296,0.0338106995884773,0.997798053290098,easyocr,EPISODE,accepted,,1080,1350,C:\Users\Martin\Desktop\memoria\imagenes\top_imagenes\negative\41_orig_40.jpg
13,Negativo,41_orig_40.jpg,41_orig_40_text_08,text,755,1019,809,1101,54,82,4428,0.003037037037037,0.6043332709693097,easyocr,1,accepted,,1080,1350,C:\Users\Martin\Desktop\memoria\imagenes\top_imagenes\negative\41_orig_40.jpg
13,Negativo,41_orig_40.jpg,41_orig_40_text_09,text,271,1109,371,1161,100,52,5200,0.0035665294924554,0.9987347501875616,easyocr,THE,accepted,,1080,1350,C:\Users\Martin\Desktop\memoria\imagenes\top_imagenes\negative\41_orig_40.jpg
13,Negativo,41_orig_40.jpg,41_orig_40_text_10,text,373,1109,611,1161,238,52,12376,0.0084883401920438,0.7347506116710095,easyocr,PHANTOM,accepted,,1080,1350,C:\Users\Martin\Desktop\memoria\imagenes\top_imagenes\negative\41_orig_40.jpg
13,Negativo,41_orig_40.jpg,41_orig_40_text_11,text,614,1108,812,1160,198,52,10296,0.0070617283950617,0.9998765788049412,easyocr,MENACE,accepted,,1080,1350,C:\Users\Martin\Desktop\memoria\imagenes\top_imagenes\negative\41_orig_40.jpg
13,Negativo,41_orig_40.jpg,41_orig_40_text_12,text,68,1158,302,1200,234,42,9828,0.0067407407407407,0.5776414611053828,easyocr,R E T U R N $,accepted,,1080,1350,C:\Users\Martin\Desktop\memoria\imagenes\top_imagenes\negative\41_orig_40.jpg
13,Negativo,41_orig_40.jpg,41_orig_40_text_13,text,314,1158,388,1200,74,42,3108,0.0021316872427983,0.8373011946678162,easyocr,T 0,accepted,,1080,1350,C:\Users\Martin\Desktop\memoria\imagenes\top_imagenes\negative\41_orig_40.jpg
13,Negativo,41_orig_40.jpg,41_orig_40_text_14,text,408,1156,672,1200,264,44,11616,0.0079670781893004,0.5863827819309139,easyocr,T H E A T E R $,accepted,,1080,1350,C:\Users\Martin\Desktop\memoria\imagenes\top_imagenes\negative\41_orig_40.jpg
13,Negativo,41_orig_40.jpg,41_orig_40_text_15,text,686,1158,798,1200,112,42,4704,0.0032263374485596,0.751061186734895,easyocr,M A Y,accepted,,1080,1350,C:\Users\Martin\Desktop\memoria\imagenes\top_imagenes\negative\41_orig_40.jpg
13,Negativo,41_orig_40.jpg,41_orig_40_text_16,text,814,1158,876,1198,62,40,2480,0.0017009602194787,0.742313270982191,easyocr,3rd,accepted,,1080,1350,C:\Users\Martin\Desktop\memoria\imagenes\top_imagenes\negative\41_orig_40.jpg
13,Negativo,41_orig_40.jpg,41_orig_40_text_17,text,884,1158,1016,1200,132,42,5544,0.0038024691358024,0.955104212291468,easyocr,2 0 2 4,accepted,,1080,1350,C:\Users\Martin\Desktop\memoria\imagenes\top_imagenes\negative\41_orig_40.jpg
13,Negativo,41_orig_40.jpg,41_orig_40_text_18,text,231,1207,343,1235,112,28,3136,0.0021508916323731,0.9473401430697524,easyocr,LIAM NEESON,accepted,,1080,1350,C:\Users\Martin\Desktop\memoria\imagenes\top_imagenes\negative\41_orig_40.jpg
13,Negativo,41_orig_40.jpg,41_orig_40_text_19,text,339,1207,479,1235,140,28,3920,0.0026886145404663,0.5051364814814677,easyocr,EWAN McGREGOR,accepted,,1080,1350,C:\Users\Martin\Desktop\memoria\imagenes\top_imagenes\negative\41_orig_40.jpg
13,Negativo,41_orig_40.jpg,41_orig_40_text_20,text,473,1205,625,1235,152,30,4560,0.0031275720164609,0.9965196783435936,easyocr,NATALIE PORTMAN,accepted,,1080,1350,C:\Users\Martin\Desktop\memoria\imagenes\top_imagenes\negative\41_orig_40.jpg
13,Negativo,41_orig_40.jpg,41_orig_40_text_21,text,620,1205,721,1237,101,32,3232,0.0022167352537722,0.9994501170545732,easyocr,JAKE LLOYD,accepted,,1080,1350,C:\Users\Martin\Desktop\memoria\imagenes\top_imagenes\negative\41_orig_40.jpg
13,Negativo,41_orig_40.jpg,41_orig_40_text_22,text,715,1207,843,1235,128,28,3584,0.0024581618655692,0.8010077858022344,easyocr,IAN McDIARMID,accepted,,1080,1350,C:\Users\Martin\Desktop\memoria\imagenes\top_imagenes\negative\41_orig_40.jpg
13,Negativo,41_orig_40.jpg,41_orig_40_text_23,text,379,1223,489,1249,110,26,2860,0.0019615912208504,0.8086966000693169,easyocr,NTHONY DANIELS,accepted,,1080,1350,C:\Users\Martin\Desktop\memoria\imagenes\top_imagenes\negative\41_orig_40.jpg
13,Negativo,41_orig_40.jpg,41_orig_40_text_24,text,521,1225,571,1249,50,24,1200,0.0008230452674897,0.5379197043361024,easyocr,BAKER,accepted,,1080,1350,C:\Users\Martin\Desktop\memoria\imagenes\top_imagenes\negative\41_orig_40.jpg
13,Negativo,41_orig_40.jpg,41_orig_40_text_25,text,563,1225,613,1249,50,24,1200,0.0008230452674897,0.7227377758872494,easyocr,FERNIL,accepted,,1080,1350,C:\Users\Martin\Desktop\memoria\imagenes\top_imagenes\negative\41_orig_40.jpg
13,Negativo,41_orig_40.jpg,41_orig_40_text_26,text,623,1225,669,1249,46,24,1104,0.0007572016460905,0.7080888152122498,easyocr,UGus,accepted,,1080,1350,C:\Users\Martin\Desktop\memoria\imagenes\top_imagenes\negative\41_orig_40.jpg
13,Negativo,41_orig_40.jpg,41_orig_40_text_27,text,669,1225,737,1249,68,24,1632,0.001119341563786,0.3468509235088,easyocr,FRANK O2,accepted,,1080,1350,C:\Users\Martin\Desktop\memoria\imagenes\top_imagenes\negative\41_orig_40.jpg
13,Negativo,41_orig_40.jpg,41_orig_40_text_28,text,408,1235,537,1267,129,32,4128,0.0028312757201646,0.9991536046714228,easyocr,JOHN WILLIAMS,accepted,,1080,1350,C:\Users\Martin\Desktop\memoria\imagenes\top_imagenes\negative\41_orig_40.jpg
13,Negativo,41_orig_40.jpg,41_orig_40_text_29,text,565,1237,693,1265,128,28,3584,0.0024581618655692,0.9891561615824244,easyocr,RICK McCALLUM,accepted,,1080,1350,C:\Users\Martin\Desktop\memoria\imagenes\top_imagenes\negative\41_orig_40.jpg
13,Negativo,41_orig_40.jpg,41_orig_40_text_30,text,475,1257,599,1289,124,32,3968,0.0027215363511659,0.9956122879804604,easyocr,GEORGE LUCAS,accepted,,1080,1350,C:\Users\Martin\Desktop\memoria\imagenes\top_imagenes\negative\41_orig_40.jpg
13,Negativo,41_orig_40.jpg,41_orig_40_text_31,text,29,1291,193,1319,164,28,4592,0.0031495198902606,0.5342914844200467,easyocr,02024 & IM Lucasiilm Lld:,accepted,,1080,1350,C:\Users\Martin\Desktop\memoria\imagenes\top_imagenes\negative\41_orig_40.jpg
14,Neutral,336_orig_435.jpg,336_orig_435_text_01,text,722,788,816,828,94,40,3760,0.0025788751714677,0.5940949263709616,easyocr,BV 91ZAM,accepted,,1080,1350,C:\Users\Martin\Desktop\memoria\imagenes\top_imagenes\neutral\336_orig_435.jpg
15,Negativo,361_orig_460.jpg,361_orig_460_text_01,text,106,638,379,703,273,65,17745,0.0152134773662551,0.9185323188008234,easyocr,better with,accepted,,1080,1080,C:\Users\Martin\Desktop\memoria\imagenes\top_imagenes\negative\361_orig_460.jpg
15,Negativo,361_orig_460.jpg,361_orig_460_text_02,text,1,969,27,1003,26,34,884,0.0007578875171467,0.9655576453906214,easyocr,8,accepted,,1080,1080,C:\Users\Martin\Desktop\memoria\imagenes\top_imagenes\negative\361_orig_460.jpg
15,Negativo,361_orig_460.jpg,361_orig_460_text_03,text,3,1011,27,1075,24,64,1536,0.0013168724279835,0.5972049596303499,easyocr,1,accepted,,1080,1080,C:\Users\Martin\Desktop\memoria\imagenes\top_imagenes\negative\361_orig_460.jpg
16,Neutral,640_orig_739.jpg,640_orig_739_face_01,face,402,151,637,385,235,234,54990,0.047145061728395,0.8937960267066956,mediapipe_face_detection,,accepted,,1080,1080,C:\Users\Martin\Desktop\memoria\imagenes\top_imagenes\neutral\640_orig_739.jpg
16,Neutral,640_orig_739.jpg,640_orig_739_text_01,text,356,546,478,612,122,66,8052,0.0069032921810699,0.7991547048135277,easyocr,Sprite(,accepted,,1080,1080,C:\Users\Martin\Desktop\memoria\imagenes\top_imagenes\neutral\640_orig_739.jpg
16,Neutral,640_orig_739.jpg,640_orig_739_text_02,text,166,574,926,726,760,152,115520,0.099039780521262,0.9932938313167904,easyocr,MAKE THE,accepted,,1080,1080,C:\Users\Martin\Desktop\memoria\imagenes\top_imagenes\neutral\640_orig_739.jpg
16,Neutral,640_orig_739.jpg,640_orig_739_text_03,text,18,695,1068,856,1050,161,169050,0.1449331275720164,0.5509560965416735,easyocr,WOR -D SMILE,accepted,,1080,1080,C:\Users\Martin\Desktop\memoria\imagenes\top_imagenes\neutral\640_orig_739.jpg
17,Positivo,1123_orig_1359.jpg,1123_orig_1359_text_01,text,0,0,207,45,207,45,9315,0.017195991847826,0.9992198808987156,easyocr,#COMING SOON,accepted,,736,736,C:\Users\Martin\Desktop\memoria\imagenes\top_imagenes\positive\1123_orig_1359.jpg
17,Positivo,1123_orig_1359.jpg,1123_orig_1359_text_02,text,128,96,610,350,482,254,122428,0.2260086838374291,0.3925056740374968,easyocr,Lonk'$,accepted,,736,736,C:\Users\Martin\Desktop\memoria\imagenes\top_imagenes\positive\1123_orig_1359.jpg
17,Positivo,1123_orig_1359.jpg,1123_orig_1359_text_03,text,641,637,723,665,82,28,2296,0.0042385396975425,0.9581862687375132,easyocr,Learn More,accepted,,736,736,C:\Users\Martin\Desktop\memoria\imagenes\top_imagenes\positive\1123_orig_1359.jpg
17,Positivo,1123_orig_1359.jpg,1123_orig_1359_text_04,text,215,639,522,691,307,52,15964,0.0294704040642722,0.9253247158693624,easyocr,But TASTES YUMMIERI,accepted,,736,736,C:\Users\Martin\Desktop\memoria\imagenes\top_imagenes\positive\1123_orig_1359.jpg
17,Positivo,1123_orig_1359.jpg,1123_orig_1359_text_05,text,259,677,479,705,220,28,6160,0.0113716918714555,0.7485224617014344,easyocr,Because Its Freshly Baked!,accepted,,736,736,C:\Users\Martin\Desktop\memoria\imagenes\top_imagenes\positive\1123_orig_1359.jpg
17,Positivo,1123_orig_1359.jpg,1123_orig_1359_text_06,text,551,659,736,707,185,48,8880,0.0163929584120983,0.9990685420068004,easyocr,03019133177,accepted,,736,736,C:\Users\Martin\Desktop\memoria\imagenes\top_imagenes\positive\1123_orig_1359.jpg
17,Positivo,1123_orig_1359.jpg,1123_orig_1359_text_07,text,591,691,735,735,144,44,6336,0.0116965973534971,0.8962406709436517,easyocr,@bakersbasket2o @Bakersbasket12,accepted,,736,736,C:\Users\Martin\Desktop\memoria\imagenes\top_imagenes\positive\1123_orig_1359.jpg
17,Positivo,1123_orig_1359.jpg,1123_orig_1359_text_08,text,331,11,395,48,64,37,2368,0.0043714555765595,0.9293698918417024,easyocr,BAKER,accepted,,736,736,C:\Users\Martin\Desktop\memoria\imagenes\top_imagenes\positive\1123_orig_1359.jpg
19,Neutral,722_orig_821.jpg,722_orig_821_text_01,text,937,203,1037,305,100,102,10200,0.0069958847736625,0.7726952938166711,easyocr,3,accepted,,1080,1350,C:\Users\Martin\Desktop\memoria\imagenes\top_imagenes\neutral\722_orig_821.jpg
19,Neutral,722_orig_821.jpg,722_orig_821_text_02,text,702,1026,738,1062,36,36,1296,0.0008888888888888,0.8401556489872384,easyocr,W,accepted,,1080,1350,C:\Users\Martin\Desktop\memoria\imagenes\top_imagenes\neutral\722_orig_821.jpg
19,Neutral,722_orig_821.jpg,722_orig_821_text_03,text,395,215,636,468,241,253,60973,0.0418196159122085,0.9435755039491376,easyocr,22,accepted,,1080,1350,C:\Users\Martin\Desktop\memoria\imagenes\top_imagenes\neutral\722_orig_821.jpg
19,Neutral,722_orig_821.jpg,722_orig_821_text_04,text,294,438,459,672,165,234,38610,0.0264814814814814,0.4574743945495676,easyocr,8,accepted,,1080,1350,C:\Users\Martin\Desktop\memoria\imagenes\top_imagenes\neutral\722_orig_821.jpg
19,Neutral,722_orig_821.jpg,722_orig_821_text_05,text,763,529,879,639,116,110,12760,0.0087517146776406,0.999952495098114,easyocr,Ro PERP,accepted,,1080,1350,C:\Users\Martin\Desktop\memoria\imagenes\top_imagenes\neutral\722_orig_821.jpg
19,Neutral,722_orig_821.jpg,722_orig_821_text_06,text,509,548,679,686,170,138,23460,0.0160905349794238,0.6302984952926636,easyocr,28,accepted,,1080,1350,C:\Users\Martin\Desktop\memoria\imagenes\top_imagenes\neutral\722_orig_821.jpg
19,Neutral,722_orig_821.jpg,722_orig_821_text_07,text,864,565,982,666,118,101,11918,0.0081742112482853,0.9890194535255432,easyocr,EX TUAL,accepted,,1080,1350,C:\Users\Martin\Desktop\memoria\imagenes\top_imagenes\neutral\722_orig_821.jpg
19,Neutral,722_orig_821.jpg,722_orig_821_text_08,text,938,627,1015,681,77,54,4158,0.0028518518518518,0.5885415128574517,easyocr,DA>,accepted,,1080,1350,C:\Users\Martin\Desktop\memoria\imagenes\top_imagenes\neutral\722_orig_821.jpg
19,Neutral,722_orig_821.jpg,722_orig_821_text_09,text,302,715,423,906,121,191,23111,0.0158511659807956,0.8881932157237316,easyocr,@,accepted,,1080,1350,C:\Users\Martin\Desktop\memoria\imagenes\top_imagenes\neutral\722_orig_821.jpg
19,Neutral,722_orig_821.jpg,722_orig_821_text_10,text,655,761,794,855,139,94,13066,0.0089615912208504,0.9942132402275796,easyocr,GMT-M SUPERLATIVI,accepted,,1080,1350,C:\Users\Martin\Desktop\memoria\imagenes\top_imagenes\neutral\722_orig_821.jpg
19,Neutral,722_orig_821.jpg,722_orig_821_text_11,text,770,786,865,855,95,69,6555,0.0044958847736625,0.5925486829165317,easyocr,ASTE',accepted,,1080,1350,C:\Users\Martin\Desktop\memoria\imagenes\top_imagenes\neutral\722_orig_821.jpg
19,Neutral,722_orig_821.jpg,722_orig_821_text_12,text,768,842,871,908,103,66,6798,0.0046625514403292,0.8695698625674428,easyocr,CERTIFIE.,accepted,,1080,1350,C:\Users\Martin\Desktop\memoria\imagenes\top_imagenes\neutral\722_orig_821.jpg
19,Neutral,722_orig_821.jpg,722_orig_821_text_13,text,854,848,914,897,60,49,2940,0.0020164609053497,0.9983310991185872,easyocr,TER,accepted,,1080,1350,C:\Users\Martin\Desktop\memoria\imagenes\top_imagenes\neutral\722_orig_821.jpg
19,Neutral,722_orig_821.jpg,722_orig_821_text_14,text,382,924,563,1123,181,199,36019,0.0247043895747599,0.6068216599183849,easyocr,0,accepted,,1080,1350,C:\Users\Martin\Desktop\memoria\imagenes\top_imagenes\neutral\722_orig_821.jpg
19,Neutral,722_orig_821.jpg,722_orig_821_text_15,text,639,1006,712,1058,73,52,3796,0.0026035665294924,0.7043248680968728,easyocr,Swiss,accepted,,1080,1350,C:\Users\Martin\Desktop\memoria\imagenes\top_imagenes\neutral\722_orig_821.jpg
19,Neutral,722_orig_821.jpg,722_orig_821_text_16,text,721,1029,802,1083,81,54,4374,0.003,0.5719363178817769,easyocr,MADE',accepted,,1080,1350,C:\Users\Martin\Desktop\memoria\imagenes\top_imagenes\neutral\722_orig_821.jpg
19,Neutral,722_orig_821.jpg,722_orig_821_text_17,text,593,1085,785,1232,192,147,28224,0.019358024691358,0.5783496812850419,easyocr,DL,accepted,,1080,1350,C:\Users\Martin\Desktop\memoria\imagenes\top_imagenes\neutral\722_orig_821.jpg
20,Positivo,1134_orig_1370.jpg,1134_orig_1370_text_01,text,72,413,612,524,540,111,59940,0.0856628365631967,0.4091595515710251,easyocr,GACEMASMS,accepted,,735,952,C:\Users\Martin\Desktop\memoria\imagenes\top_imagenes\positive\1134_orig_1370.jpg
20,Positivo,1134_orig_1370.jpg,1134_orig_1370_text_02,text,78,485,612,594,534,109,58206,0.0831847024524095,0.6035703016783582,easyocr,COVERYOUR,accepted,,735,952,C:\Users\Martin\Desktop\memoria\imagenes\top_imagenes\positive\1134_orig_1370.jpg
20,Positivo,1134_orig_1370.jpg,1134_orig_1370_text_03,text,641,855,693,911,52,56,2912,0.0041616646658663,0.9906297921389182,easyocr,W,accepted,,735,952,C:\Users\Martin\Desktop\memoria\imagenes\top_imagenes\positive\1134_orig_1370.jpg
20,Positivo,1134_orig_1370.jpg,1134_orig_1370_text_04,text,419,884,636,922,217,38,8246,0.0117847138855542,0.6973061230050834,easyocr,womensfundmiami.org,accepted,,735,952,C:\Users\Martin\Desktop\memoria\imagenes\top_imagenes\positive\1134_orig_1370.jpg
20,Positivo,1134_orig_1370.jpg,1134_orig_1370_text_05,text,112,612,268,737,156,125,19500,0.0278682901732121,0.4146045392812166,easyocr,NO,accepted,,735,952,C:\Users\Martin\Desktop\memoria\imagenes\top_imagenes\positive\1134_orig_1370.jpg
21,Negativo,324_orig_423.jpg,324_orig_423_face_01,face,501,86,615,200,114,114,12996,0.0111419753086419,0.9332895278930664,mediapipe_face_detection,,accepted,,1080,1080,C:\Users\Martin\Desktop\memoria\imagenes\top_imagenes\negative\324_orig_423.jpg
22,Positivo,33_orig_32.jpg,33_orig_32_text_01,text,352,626,422,686,70,60,4200,0.0099200725582449,0.3784702975104557,easyocr,@e,accepted,,552,767,C:\Users\Martin\Desktop\memoria\imagenes\top_imagenes\positive\33_orig_32.jpg
22,Positivo,33_orig_32.jpg,33_orig_32_text_02,text,196,19,295,82,99,63,6237,0.0147313077489938,0.9998321188013516,easyocr,Enjoy,accepted,,552,767,C:\Users\Martin\Desktop\memoria\imagenes\top_imagenes\positive\33_orig_32.jpg
22,Positivo,33_orig_32.jpg,33_orig_32_text_03,text,390,587,527,682,137,95,13015,0.0307404153203711,0.6445293203636591,easyocr,Feeling:,accepted,,552,767,C:\Users\Martin\Desktop\memoria\imagenes\top_imagenes\positive\33_orig_32.jpg
22,Positivo,33_orig_32.jpg,33_orig_32_text_04,text,207,635,385,737,178,102,18156,0.0428830565160705,0.5371749192773528,easyocr,"(Cant-beat ,",accepted,,552,767,C:\Users\Martin\Desktop\memoria\imagenes\top_imagenes\positive\33_orig_32.jpg
23,Neutral,873_orig_972.jpg,873_orig_972_face_01,face,809,159,887,237,78,78,6084,0.0060573476702508,0.6445676684379578,mediapipe_face_detection,,accepted,,1200,837,C:\Users\Martin\Desktop\memoria\imagenes\top_imagenes\neutral\873_orig_972.jpg
23,Neutral,873_orig_972.jpg,873_orig_972_text_01,text,1092,50,1144,92,52,42,2184,0.0021744324970131,0.999976144967081,easyocr,18,accepted,,1200,837,C:\Users\Martin\Desktop\memoria\imagenes\top_imagenes\neutral\873_orig_972.jpg
23,Neutral,873_orig_972.jpg,873_orig_972_text_02,text,949,111,973,163,24,52,1248,0.001242532855436,0.9423810873350966,easyocr,1,accepted,,1200,837,C:\Users\Martin\Desktop\memoria\imagenes\top_imagenes\neutral\873_orig_972.jpg
23,Neutral,873_orig_972.jpg,873_orig_972_text_03,text,1094,118,1144,162,50,44,2200,0.0021903624054161,0.999435868902907,easyocr,12,accepted,,1200,837,C:\Users\Martin\Desktop\memoria\imagenes\top_imagenes\neutral\873_orig_972.jpg
23,Neutral,873_orig_972.jpg,873_orig_972_text_04,text,949,151,973,191,24,40,960,0.0009557945041816,0.6457919491686006,easyocr,2,accepted,,1200,837,C:\Users\Martin\Desktop\memoria\imagenes\top_imagenes\neutral\873_orig_972.jpg
23,Neutral,873_orig_972.jpg,873_orig_972_text_05,text,921,429,998,469,77,40,3080,0.0030665073675826,0.605939126857213,easyocr,'ROYAL,accepted,,1200,837,C:\Users\Martin\Desktop\memoria\imagenes\top_imagenes\neutral\873_orig_972.jpg
23,Neutral,873_orig_972.jpg,873_orig_972_text_06,text,894,450,1024,492,130,42,5460,0.0054360812425328,0.9998860941220696,easyocr,BRACKLA,accepted,,1200,837,C:\Users\Martin\Desktop\memoria\imagenes\top_imagenes\neutral\873_orig_972.jpg
23,Neutral,873_orig_972.jpg,873_orig_972_text_07,text,936,490,982,532,46,42,1932,0.0019235364396654,0.9999908962928588,easyocr,12,accepted,,1200,837,C:\Users\Martin\Desktop\memoria\imagenes\top_imagenes\neutral\873_orig_972.jpg
24,Negativo,1322_orig_1659.jpg,1322_orig_1659_face_01,face,639,484,853,698,214,214,45796,0.0314101508916323,0.9224495887756348,mediapipe_face_detection,,accepted,,1080,1350,C:\Users\Martin\Desktop\memoria\imagenes\top_imagenes\negative\1322_orig_1659.jpg
24,Negativo,1322_orig_1659.jpg,1322_orig_1659_text_01,text,768,830,854,874,86,44,3784,0.0025953360768175,0.3564434317019929,easyocr,Br8,accepted,,1080,1350,C:\Users\Martin\Desktop\memoria\imagenes\top_imagenes\negative\1322_orig_1659.jpg
24,Negativo,1322_orig_1659.jpg,1322_orig_1659_text_02,text,1014,958,1062,1002,48,44,2112,0.0014485596707818,0.5574604764197909,easyocr,Rau,accepted,,1080,1350,C:\Users\Martin\Desktop\memoria\imagenes\top_imagenes\negative\1322_orig_1659.jpg
24,Negativo,1322_orig_1659.jpg,1322_orig_1659_text_03,text,155,531,209,648,54,117,6318,0.0043333333333333,0.7033705938980006,easyocr,1,accepted,,1080,1350,C:\Users\Martin\Desktop\memoria\imagenes\top_imagenes\negative\1322_orig_1659.jpg
24,Negativo,1322_orig_1659.jpg,1322_orig_1659_text_04,text,406,765,538,862,132,97,12804,0.0087818930041152,0.6363309777790709,easyocr,WINGS,accepted,,1080,1350,C:\Users\Martin\Desktop\memoria\imagenes\top_imagenes\negative\1322_orig_1659.jpg
24,Negativo,1322_orig_1659.jpg,1322_orig_1659_text_05,text,810,783,898,841,88,58,5104,0.0035006858710562,0.9949394427025569,easyocr,RAUCH,accepted,,1080,1350,C:\Users\Martin\Desktop\memoria\imagenes\top_imagenes\negative\1322_orig_1659.jpg
24,Negativo,1322_orig_1659.jpg,1322_orig_1659_text_06,text,981,849,1063,907,82,58,4756,0.0032620027434842,0.3270671776753798,easyocr,infinit,accepted,,1080,1350,C:\Users\Martin\Desktop\memoria\imagenes\top_imagenes\negative\1322_orig_1659.jpg
24,Negativo,1322_orig_1659.jpg,1322_orig_1659_text_07,text,747,851,887,907,140,56,7840,0.0053772290809327,0.987488259883382,easyocr,HONDA,accepted,,1080,1350,C:\Users\Martin\Desktop\memoria\imagenes\top_imagenes\negative\1322_orig_1659.jpg
25,Neutral,130_orig_129.jpg,130_orig_129_text_01,text,507,369,567,401,60,32,1920,0.0016460905349794,0.829334440513642,easyocr,CRISPY,accepted,,1080,1080,C:\Users\Martin\Desktop\memoria\imagenes\top_imagenes\neutral\130_orig_129.jpg
25,Neutral,130_orig_129.jpg,130_orig_129_text_02,text,165,515,245,571,80,56,4480,0.0038408779149519,0.9720620039313091,easyocr,WE,accepted,,1080,1080,C:\Users\Martin\Desktop\memoria\imagenes\top_imagenes\neutral\130_orig_129.jpg
25,Neutral,130_orig_129.jpg,130_orig_129_text_03,text,142,551,265,615,123,64,7872,0.0067489711934156,0.5354003310203552,easyocr,WiLL,accepted,,1080,1080,C:\Users\Martin\Desktop\memoria\imagenes\top_imagenes\neutral\130_orig_129.jpg
25,Neutral,130_orig_129.jpg,130_orig_129_text_04,text,150,591,259,655,109,64,6976,0.0059807956104252,0.9881802904139604,easyocr,GET,accepted,,1080,1080,C:\Users\Martin\Desktop\memoria\imagenes\top_imagenes\neutral\130_orig_129.jpg
25,Neutral,130_orig_129.jpg,130_orig_129_text_05,text,87,622,315,706,228,84,19152,0.0164197530864197,0.8520966100833872,easyocr,THROUCH,accepted,,1080,1080,C:\Users\Martin\Desktop\memoria\imagenes\top_imagenes\neutral\130_orig_129.jpg
25,Neutral,130_orig_129.jpg,130_orig_129_text_06,text,582,504,632,541,50,37,1850,0.0015860768175582,0.5267834663391113,easyocr,1004,accepted,,1080,1080,C:\Users\Martin\Desktop\memoria\imagenes\top_imagenes\neutral\130_orig_129.jpg
25,Neutral,130_orig_129.jpg,130_orig_129_text_07,text,143,669,266,739,123,70,8610,0.0073816872427983,0.9744017720222472,easyocr,THIS,accepted,,1080,1080,C:\Users\Martin\Desktop\memoria\imagenes\top_imagenes\neutral\130_orig_129.jpg
26,Negativo,184_orig_183.jpg,184_orig_183_text_01,text,255,39,475,87,220,48,10560,0.0090534979423868,0.62722220872221,easyocr,FoRZA,accepted,,1080,1080,C:\Users\Martin\Desktop\memoria\imagenes\top_imagenes\negative\184_orig_183.jpg
26,Negativo,184_orig_183.jpg,184_orig_183_text_02,text,250,74,440,134,190,60,11400,0.0097736625514403,0.9998084122359878,easyocr,HORIZON,accepted,,1080,1080,C:\Users\Martin\Desktop\memoria\imagenes\top_imagenes\negative\184_orig_183.jpg
27,Positivo,105_orig_104.jpg,105_orig_104_text_01,text,807,41,1025,89,218,48,10464,0.0071769547325102,0.4569862156454341,easyocr,FoRZA,accepted,,1080,1350,C:\Users\Martin\Desktop\memoria\imagenes\top_imagenes\positive\105_orig_104.jpg
27,Positivo,105_orig_104.jpg,105_orig_104_text_02,text,800,75,1028,141,228,66,15048,0.0103209876543209,0.615418328969125,easyocr,HORIZON5,accepted,,1080,1350,C:\Users\Martin\Desktop\memoria\imagenes\top_imagenes\positive\105_orig_104.jpg
28,Neutral,262_orig_261.jpg,262_orig_261_text_01,text,264,12,408,126,144,114,16416,0.0285917318062115,0.9882130107317362,easyocr,Up,accepted,,564,1018,C:\Users\Martin\Desktop\memoria\imagenes\top_imagenes\neutral\262_orig_261.jpg
28,Neutral,262_orig_261.jpg,262_orig_261_text_02,text,151,245,481,511,330,266,87780,0.1528863436859925,0.4925989604356747,easyocr,Iup,accepted,,564,1018,C:\Users\Martin\Desktop\memoria\imagenes\top_imagenes\neutral\262_orig_261.jpg
28,Neutral,262_orig_261.jpg,262_orig_261_text_03,text,214,784,349,865,135,81,10935,0.0190454792459139,0.3387214350609818,easyocr,7upup],accepted,,564,1018,C:\Users\Martin\Desktop\memoria\imagenes\top_imagenes\neutral\262_orig_261.jpg
28,Neutral,262_orig_261.jpg,262_orig_261_text_04,text,16,948,266,1010,250,62,15500,0.0269963354651729,0.8689181783287327,easyocr,YOU LIKE It,accepted,,564,1018,C:\Users\Martin\Desktop\memoria\imagenes\top_imagenes\neutral\262_orig_261.jpg
28,Neutral,262_orig_261.jpg,262_orig_261_text_05,text,272,946,550,1013,278,67,18626,0.0324408867338265,0.5768839663215866,easyocr,It LIkES YOU,accepted,,564,1018,C:\Users\Martin\Desktop\memoria\imagenes\top_imagenes\neutral\262_orig_261.jpg
28,Neutral,262_orig_261.jpg,262_orig_261_text_06,text,44,27,290,175,246,148,36408,0.0634117794590979,0.9038923595265136,easyocr,Fresh,accepted,,564,1018,C:\Users\Martin\Desktop\memoria\imagenes\top_imagenes\neutral\262_orig_261.jpg
29,Negativo,198_orig_197.jpg,198_orig_197_text_01,text,420,582,440,616,20,34,680,0.0004684744268077,0.432669891001197,easyocr,0,accepted,,1080,1344,C:\Users\Martin\Desktop\memoria\imagenes\top_imagenes\negative\198_orig_197.jpg
31,Positivo,82_orig_81.jpg,82_orig_81_text_01,text,299,403,472,463,173,60,10380,0.0088991769547325,0.837955857998196,easyocr,Subwayo,accepted,,1080,1080,C:\Users\Martin\Desktop\memoria\imagenes\top_imagenes\positive\82_orig_81.jpg
31,Positivo,82_orig_81.jpg,82_orig_81_text_02,text,303,451,485,501,182,50,9100,0.0078017832647462,0.8422691146928706,easyocr,@SUBWAY,accepted,,1080,1080,C:\Users\Martin\Desktop\memoria\imagenes\top_imagenes\positive\82_orig_81.jpg
31,Positivo,82_orig_81.jpg,82_orig_81_text_03,text,168,548,872,617,704,69,48576,0.0416460905349794,0.8338728198899222,easyocr,This is your daily reminder to get the,accepted,,1080,1080,C:\Users\Martin\Desktop\memoria\imagenes\top_imagenes\positive\82_orig_81.jpg
31,Positivo,82_orig_81.jpg,82_orig_81_text_04,text,168,608,580,672,412,64,26368,0.0226063100137174,0.5309105260161996,easyocr,cookie with your sub:,accepted,,1080,1080,C:\Users\Martin\Desktop\memoria\imagenes\top_imagenes\positive\82_orig_81.jpg
32,Negativo,292_orig_291.jpg,292_orig_291_text_01,text,426,647,488,757,62,110,6820,0.0046741782493077,0.8823319685659534,easyocr,1 1,accepted,,1080,1351,C:\Users\Martin\Desktop\memoria\imagenes\top_imagenes\negative\292_orig_291.jpg
33,Negativo,916_orig_1094.jpg,916_orig_1094_text_01,text,381,39,529,87,148,48,7104,0.004872427983539,0.8440822437843024,easyocr,HALLE,accepted,,1080,1350,C:\Users\Martin\Desktop\memoria\imagenes\top_imagenes\negative\916_orig_1094.jpg
33,Negativo,916_orig_1094.jpg,916_orig_1094_text_02,text,537,41,705,89,168,48,8064,0.0055308641975308,0.5913570027553705,easyocr,B A ILE Y,accepted,,1080,1350,C:\Users\Martin\Desktop\memoria\imagenes\top_imagenes\negative\916_orig_1094.jpg
33,Negativo,916_orig_1094.jpg,916_orig_1094_text_03,text,322,85,771,205,449,120,53880,0.036954732510288,0.8054785969406548,easyocr,A RIEL,accepted,,1080,1350,C:\Users\Martin\Desktop\memoria\imagenes\top_imagenes\negative\916_orig_1094.jpg
33,Negativo,916_orig_1094.jpg,916_orig_1094_text_04,text,264,1104,812,1237,548,133,72884,0.0499890260631001,0.9987702891281772,easyocr,LA SIRENITA,accepted,,1080,1350,C:\Users\Martin\Desktop\memoria\imagenes\top_imagenes\negative\916_orig_1094.jpg
33,Negativo,916_orig_1094.jpg,916_orig_1094_text_05,text,417,1247,663,1297,246,50,12300,0.0084362139917695,0.9936935186369332,easyocr,25 DE MAYO,accepted,,1080,1350,C:\Users\Martin\Desktop\memoria\imagenes\top_imagenes\negative\916_orig_1094.jpg
33,Negativo,916_orig_1094.jpg,916_orig_1094_text_06,text,387,1280,693,1329,306,49,14994,0.0102839506172839,0.9984607054510558,easyocr,SOLO EN CINES,accepted,,1080,1350,C:\Users\Martin\Desktop\memoria\imagenes\top_imagenes\negative\916_orig_1094.jpg
33,Negativo,916_orig_1094.jpg,916_orig_1094_text_07,text,450,1042,630,1135,180,93,16740,0.0114814814814814,0.5011156891347192,easyocr,Disnzp,accepted,,1080,1350,C:\Users\Martin\Desktop\memoria\imagenes\top_imagenes\negative\916_orig_1094.jpg
34,Negativo,251_orig_250.jpg,251_orig_250_face_01,face,474,431,550,507,76,76,5776,0.0039615912208504,0.6889565587043762,mediapipe_face_detection,,accepted,,1080,1350,C:\Users\Martin\Desktop\memoria\imagenes\top_imagenes\negative\251_orig_250.jpg
34,Negativo,251_orig_250.jpg,251_orig_250_text_01,text,483,532,584,586,101,54,5454,0.0037407407407407,0.9997102273130606,easyocr,adidas,accepted,,1080,1350,C:\Users\Martin\Desktop\memoria\imagenes\top_imagenes\negative\251_orig_250.jpg
35,Neutral,573_orig_672.jpg,573_orig_672_text_01,text,416,399,655,499,239,100,23900,0.0204903978052126,0.4285308533938686,easyocr,AXE,accepted,,1080,1080,C:\Users\Martin\Desktop\memoria\imagenes\top_imagenes\neutral\573_orig_672.jpg
35,Neutral,573_orig_672.jpg,573_orig_672_text_02,text,463,556,690,645,227,89,20203,0.0173208161865569,0.9937214705906132,easyocr,ENHEIMER,accepted,,1080,1080,C:\Users\Martin\Desktop\memoria\imagenes\top_imagenes\neutral\573_orig_672.jpg
35,Neutral,573_orig_672.jpg,573_orig_672_text_03,text,378,566,497,644,119,78,9282,0.0079578189300411,0.7373448488577656,easyocr,BARBE,accepted,,1080,1080,C:\Users\Martin\Desktop\memoria\imagenes\top_imagenes\neutral\573_orig_672.jpg
36,Positivo,58_orig_57.jpg,58_orig_57_text_01,text,500,1026,546,1066,46,40,1840,0.0012620027434842,0.9947647606287688,easyocr,E,accepted,,1080,1350,C:\Users\Martin\Desktop\memoria\imagenes\top_imagenes\positive\58_orig_57.jpg
36,Positivo,58_orig_57.jpg,58_orig_57_text_02,text,399,948,664,1055,265,107,28355,0.0194478737997256,0.571949651252676,easyocr,MONSTER,accepted,,1080,1350,C:\Users\Martin\Desktop\memoria\imagenes\top_imagenes\positive\58_orig_57.jpg
36,Positivo,58_orig_57.jpg,58_orig_57_text_03,text,532,1007,642,1060,110,53,5830,0.0039986282578875,0.9290479347005288,easyocr,R GY,accepted,,1080,1350,C:\Users\Martin\Desktop\memoria\imagenes\top_imagenes\positive\58_orig_57.jpg
36,Positivo,58_orig_57.jpg,58_orig_57_text_04,text,435,1030,511,1073,76,43,3268,0.0022414266117969,0.9085303544998168,easyocr,E N,accepted,,1080,1350,C:\Users\Martin\Desktop\memoria\imagenes\top_imagenes\positive\58_orig_57.jpg
36,Positivo,58_orig_57.jpg,58_orig_57_text_05,text,525,1036,670,1096,145,60,8700,0.0059670781893004,0.602037560399688,easyocr,SUGAR,accepted,,1080,1350,C:\Users\Martin\Desktop\memoria\imagenes\top_imagenes\positive\58_orig_57.jpg
36,Positivo,58_orig_57.jpg,58_orig_57_text_06,text,420,1063,525,1110,105,47,4935,0.0033847736625514,0.9985560178756714,easyocr,ZERO,accepted,,1080,1350,C:\Users\Martin\Desktop\memoria\imagenes\top_imagenes\positive\58_orig_57.jpg
37,Negativo,760_orig_859.jpg,760_orig_859_text_01,text,476,54,602,98,126,44,5544,0.0038024691358024,0.8951953974169928,easyocr,SWEET,accepted,,1080,1350,C:\Users\Martin\Desktop\memoria\imagenes\top_imagenes\negative\760_orig_859.jpg
37,Negativo,760_orig_859.jpg,760_orig_859_text_02,text,60,394,283,444,223,50,11150,0.0076474622770919,0.9326696545769202,easyocr,Pumpkin Spice,accepted,,1080,1350,C:\Users\Martin\Desktop\memoria\imagenes\top_imagenes\negative\760_orig_859.jpg
37,Negativo,760_orig_859.jpg,760_orig_859_text_03,text,35,429,219,477,184,48,8832,0.0060576131687242,0.8816490746314953,easyocr,Frappuccinos,accepted,,1080,1350,C:\Users\Martin\Desktop\memoria\imagenes\top_imagenes\negative\760_orig_859.jpg
37,Negativo,760_orig_859.jpg,760_orig_859_text_04,text,216,430,308,472,92,42,3864,0.0026502057613168,0.6548872901278471,easyocr,Drink,accepted,,1080,1350,C:\Users\Martin\Desktop\memoria\imagenes\top_imagenes\negative\760_orig_859.jpg
37,Negativo,760_orig_859.jpg,760_orig_859_text_05,text,291,577,513,627,222,50,11100,0.0076131687242798,0.9979346963490136,easyocr,Iced Cinnamon,accepted,,1080,1350,C:\Users\Martin\Desktop\memoria\imagenes\top_imagenes\negative\760_orig_859.jpg
37,Negativo,760_orig_859.jpg,760_orig_859_text_06,text,1002,536,1046,628,44,92,4048,0.0027764060356652,0.4664832576318076,easyocr,1,accepted,,1080,1350,C:\Users\Martin\Desktop\memoria\imagenes\top_imagenes\negative\760_orig_859.jpg
37,Negativo,760_orig_859.jpg,760_orig_859_text_07,text,31,543,79,715,48,172,8256,0.0056625514403292,0.4075218595326113,easyocr,J,accepted,,1080,1350,C:\Users\Martin\Desktop\memoria\imagenes\top_imagenes\negative\760_orig_859.jpg
37,Negativo,760_orig_859.jpg,760_orig_859_text_08,text,318,614,488,656,170,42,7140,0.0048971193415637,0.9884420375711932,easyocr,Dolce Latte,accepted,,1080,1350,C:\Users\Martin\Desktop\memoria\imagenes\top_imagenes\negative\760_orig_859.jpg
37,Negativo,760_orig_859.jpg,760_orig_859_text_09,text,588,680,956,767,368,87,32016,0.0219588477366255,0.3687297271434929,easyocr,Iced Shaxler Crig? Ostmilk,accepted,,1080,1350,C:\Users\Martin\Desktop\memoria\imagenes\top_imagenes\negative\760_orig_859.jpg
37,Negativo,760_orig_859.jpg,760_orig_859_text_10,text,31,701,79,807,48,106,5088,0.0034897119341563,0.9609417149322894,easyocr,8,accepted,,1080,1350,C:\Users\Martin\Desktop\memoria\imagenes\top_imagenes\negative\760_orig_859.jpg
37,Negativo,760_orig_859.jpg,760_orig_859_text_11,text,756,720,899,769,143,49,7007,0.0048058984910836,0.9998973581678152,easyocr,Espresso,accepted,,1080,1350,C:\Users\Martin\Desktop\memoria\imagenes\top_imagenes\negative\760_orig_859.jpg
37,Negativo,760_orig_859.jpg,760_orig_859_text_12,text,727,1059,1025,1107,298,48,14304,0.0098106995884773,0.996750639662697,easyocr,Iced Pumpkin Cream,accepted,,1080,1350,C:\Users\Martin\Desktop\memoria\imagenes\top_imagenes\negative\760_orig_859.jpg
37,Negativo,760_orig_859.jpg,760_orig_859_text_13,text,160,1086,395,1138,235,52,12220,0.0083813443072702,0.9045734441740982,easyocr,Pumpkin Cream,accepted,,1080,1350,C:\Users\Martin\Desktop\memoria\imagenes\top_imagenes\negative\760_orig_859.jpg
37,Negativo,760_orig_859.jpg,760_orig_859_text_14,text,776,1094,980,1136,204,42,8568,0.0058765432098765,0.9993610483684088,easyocr,Chai Tea Latte,accepted,,1080,1350,C:\Users\Martin\Desktop\memoria\imagenes\top_imagenes\negative\760_orig_859.jpg
37,Negativo,760_orig_859.jpg,760_orig_859_text_15,text,202,1122,354,1165,152,43,6536,0.0044828532235939,0.8591342225797652,easyocr,Cold Brew,accepted,,1080,1350,C:\Users\Martin\Desktop\memoria\imagenes\top_imagenes\negative\760_orig_859.jpg
37,Negativo,760_orig_859.jpg,760_orig_859_text_16,text,482,1254,596,1298,114,44,5016,0.0034403292181069,0.9955532491866316,easyocr,SPICY,accepted,,1080,1350,C:\Users\Martin\Desktop\memoria\imagenes\top_imagenes\negative\760_orig_859.jpg
38,Neutral,246_orig_245.jpg,246_orig_245_face_01,face,213,281,429,497,216,216,46656,0.032,0.931083619594574,mediapipe_face_detection,,accepted,,1080,1350,C:\Users\Martin\Desktop\memoria\imagenes\top_imagenes\neutral\246_orig_245.jpg
39,Negativo,432_orig_531.jpg,432_orig_531_face_01,face,185,238,236,290,51,52,2652,0.0040925925925925,0.7850460410118103,mediapipe_face_detection,,accepted,,720,900,C:\Users\Martin\Desktop\memoria\imagenes\top_imagenes\negative\432_orig_531.jpg
39,Negativo,432_orig_531.jpg,432_orig_531_face_02,face,396,239,441,284,45,45,2025,0.003125,0.6160522103309631,mediapipe_face_detection,,accepted,,720,900,C:\Users\Martin\Desktop\memoria\imagenes\top_imagenes\negative\432_orig_531.jpg
40,Neutral,779_orig_878.jpg,779_orig_878_text_01,text,261,1274,814,1310,553,36,19908,0.0136543209876543,0.3413241639800166,easyocr,Alwavs drive ina mannerappropriate forthe weather visibility and road conditions,accepted,,1080,1350,C:\Users\Martin\Desktop\memoria\imagenes\top_imagenes\neutral\779_orig_878.jpg
41,Positivo,5_orig_4.jpg,5_orig_4_face_01,face,359,151,742,534,383,383,146689,0.1257621742112482,0.8766749501228333,mediapipe_face_detection,,accepted,,1080,1080,C:\Users\Martin\Desktop\memoria\imagenes\top_imagenes\positive\5_orig_4.jpg
41,Positivo,5_orig_4.jpg,5_orig_4_text_01,text,659,777,827,839,168,62,10416,0.0089300411522633,0.7612376563951353,easyocr,Hard Rog,accepted,,1080,1080,C:\Users\Martin\Desktop\memoria\imagenes\top_imagenes\positive\5_orig_4.jpg
44,Positivo,1120_orig_1356.jpg,1120_orig_1356_face_01,face,404,256,467,319,63,63,3969,0.0051802718957524,0.8907715082168579,mediapipe_face_detection,,accepted,,736,1041,C:\Users\Martin\Desktop\memoria\imagenes\top_imagenes\positive\1120_orig_1356.jpg
44,Positivo,1120_orig_1356.jpg,1120_orig_1356_face_02,face,300,233,363,296,63,63,3969,0.0051802718957524,0.833642840385437,mediapipe_face_detection,,accepted,,736,1041,C:\Users\Martin\Desktop\memoria\imagenes\top_imagenes\positive\1120_orig_1356.jpg
44,Positivo,1120_orig_1356.jpg,1120_orig_1356_text_01,text,161,23,564,134,403,111,44733,0.0583847575491793,0.4791928842688526,easyocr,Bt Ezzqar,accepted,,736,1041,C:\Users\Martin\Desktop\memoria\imagenes\top_imagenes\positive\1120_orig_1356.jpg
44,Positivo,1120_orig_1356.jpg,1120_orig_1356_text_02,text,98,138,156,174,58,36,2088,0.0027252224032076,0.9096285104751588,easyocr,L E,accepted,,736,1041,C:\Users\Martin\Desktop\memoria\imagenes\top_imagenes\positive\1120_orig_1356.jpg
44,Positivo,1120_orig_1356.jpg,1120_orig_1356_text_03,text,151,137,289,173,138,36,4968,0.0064841498559077,0.7017274802707469,easyocr,M 0 N D E,accepted,,736,1041,C:\Users\Martin\Desktop\memoria\imagenes\top_imagenes\positive\1120_orig_1356.jpg
44,Positivo,1120_orig_1356.jpg,1120_orig_1356_text_04,text,294,138,376,174,82,36,2952,0.0038529006390176,0.4448364342358107,easyocr,Q U [,accepted,,736,1041,C:\Users\Martin\Desktop\memoria\imagenes\top_imagenes\positive\1120_orig_1356.jpg
44,Positivo,1120_orig_1356.jpg,1120_orig_1356_text_05,text,374,138,488,174,114,36,4104,0.0053564716200977,0.6664141259187737,easyocr,V 0 U $,accepted,,736,1041,C:\Users\Martin\Desktop\memoria\imagenes\top_imagenes\positive\1120_orig_1356.jpg
44,Positivo,1120_orig_1356.jpg,1120_orig_1356_text_06,text,484,138,640,174,156,36,5616,0.0073299085327653,0.8445961183787151,easyocr,N $ P | R E,accepted,,736,1041,C:\Users\Martin\Desktop\memoria\imagenes\top_imagenes\positive\1120_orig_1356.jpg
44,Positivo,1120_orig_1356.jpg,1120_orig_1356_text_07,text,215,171,269,201,54,30,1620,0.0021143966921438,0.9942887084438472,easyocr,D U,accepted,,736,1041,C:\Users\Martin\Desktop\memoria\imagenes\top_imagenes\positive\1120_orig_1356.jpg
44,Positivo,1120_orig_1356.jpg,1120_orig_1356_text_08,text,297,171,377,201,80,30,2400,0.0031324395439168,0.6321935384938934,easyocr,M A R $,accepted,,736,1041,C:\Users\Martin\Desktop\memoria\imagenes\top_imagenes\positive\1120_orig_1356.jpg
44,Positivo,1120_orig_1356.jpg,1120_orig_1356_text_09,text,379,171,431,201,52,30,1560,0.0020360857035459,0.9989690650027936,easyocr,A U,accepted,,736,1041,C:\Users\Martin\Desktop\memoria\imagenes\top_imagenes\positive\1120_orig_1356.jpg
44,Positivo,1120_orig_1356.jpg,1120_orig_1356_text_10,text,458,168,524,204,66,36,2376,0.0031011151484776,0.5928970066452733,easyocr,M A |,accepted,,736,1041,C:\Users\Martin\Desktop\memoria\imagenes\top_imagenes\positive\1120_orig_1356.jpg
44,Positivo,1120_orig_1356.jpg,1120_orig_1356_text_11,text,505,895,701,951,196,56,10976,0.0143256901808461,0.3678511727147067,easyocr,Bat Ezzouar,accepted,,736,1041,C:\Users\Martin\Desktop\memoria\imagenes\top_imagenes\positive\1120_orig_1356.jpg
44,Positivo,1120_orig_1356.jpg,1120_orig_1356_text_12,text,20,1004,169,1037,149,33,4917,0.0064175855155995,0.4356068496150163,easyocr,"M U $ | Q U E ,",accepted,,736,1041,C:\Users\Martin\Desktop\memoria\imagenes\top_imagenes\positive\1120_orig_1356.jpg
44,Positivo,1120_orig_1356.jpg,1120_orig_1356_text_13,text,171,1000,304,1038,133,38,5054,0.0065963956062314,0.4653576062920044,easyocr,"CTN E M A ,",accepted,,736,1041,C:\Users\Martin\Desktop\memoria\imagenes\top_imagenes\positive\1120_orig_1356.jpg
44,Positivo,1120_orig_1356.jpg,1120_orig_1356_text_14,text,305,1005,451,1037,146,32,4672,0.0060978156454913,0.5113307643315828,easyocr,P E | NT U R E,accepted,,736,1041,C:\Users\Martin\Desktop\memoria\imagenes\top_imagenes\positive\1120_orig_1356.jpg
44,Positivo,1120_orig_1356.jpg,1120_orig_1356_text_15,text,525,1009,685,1035,160,26,4160,0.0054295618761224,0.7548020164796919,easyocr,BABEZZOUAR-DZ COM,accepted,,736,1041,C:\Users\Martin\Desktop\memoria\imagenes\top_imagenes\positive\1120_orig_1356.jpg
45,Negativo,264_orig_263.jpg,264_orig_263_text_01,text,210,514,643,635,433,121,52393,0.035934842249657,0.5768941791060561,easyocr,PHRONAS,accepted,,1080,1350,C:\Users\Martin\Desktop\memoria\imagenes\top_imagenes\negative\264_orig_263.jpg
45,Negativo,264_orig_263.jpg,264_orig_263_text_02,text,420,972,520,1056,100,84,8400,0.0057613168724279,0.5985185851249079,easyocr,21,accepted,,1080,1350,C:\Users\Martin\Desktop\memoria\imagenes\top_imagenes\negative\264_orig_263.jpg
45,Negativo,264_orig_263.jpg,264_orig_263_text_03,text,698,134,1080,346,382,212,80984,0.0555445816186556,0.3429725528587908,easyocr,Crownd,accepted,,1080,1350,C:\Users\Martin\Desktop\memoria\imagenes\top_imagenes\negative\264_orig_263.jpg
45,Negativo,264_orig_263.jpg,264_orig_263_text_04,text,578,385,904,548,326,163,53138,0.0364458161865569,0.9867891429013624,easyocr,CROWDSTRIKE,accepted,,1080,1350,C:\Users\Martin\Desktop\memoria\imagenes\top_imagenes\negative\264_orig_263.jpg
47,Positivo,1155_orig_1391.jpg,1155_orig_1391_text_01,text,510,34,552,76,42,42,1764,0.0015123456790123,0.8723913104454546,easyocr,3.,accepted,,1080,1080,C:\Users\Martin\Desktop\memoria\imagenes\top_imagenes\positive\1155_orig_1391.jpg
47,Positivo,1155_orig_1391.jpg,1155_orig_1391_text_02,text,924,44,966,86,42,42,1764,0.0015123456790123,0.9580404889638628,easyocr,5.,accepted,,1080,1080,C:\Users\Martin\Desktop\memoria\imagenes\top_imagenes\positive\1155_orig_1391.jpg
47,Positivo,1155_orig_1391.jpg,1155_orig_1391_text_03,text,300,90,342,132,42,42,1764,0.0015123456790123,0.9002761228573632,easyocr,2,accepted,,1080,1080,C:\Users\Martin\Desktop\memoria\imagenes\top_imagenes\positive\1155_orig_1391.jpg
47,Positivo,1155_orig_1391.jpg,1155_orig_1391_text_04,text,724,92,760,130,36,38,1368,0.0011728395061728,0.5938397716401178,easyocr,4,accepted,,1080,1080,C:\Users\Martin\Desktop\memoria\imagenes\top_imagenes\positive\1155_orig_1391.jpg
47,Positivo,1155_orig_1391.jpg,1155_orig_1391_text_05,text,106,332,148,376,42,44,1848,0.0015843621399176,0.9999778271950532,easyocr,A,accepted,,1080,1080,C:\Users\Martin\Desktop\memoria\imagenes\top_imagenes\positive\1155_orig_1391.jpg
47,Positivo,1155_orig_1391.jpg,1155_orig_1391_text_06,text,722,396,764,440,42,44,1848,0.0015843621399176,0.9985897748021132,easyocr,D,accepted,,1080,1080,C:\Users\Martin\Desktop\memoria\imagenes\top_imagenes\positive\1155_orig_1391.jpg
47,Positivo,1155_orig_1391.jpg,1155_orig_1391_text_07,text,302,428,340,468,38,40,1520,0.0013031550068587,0.3189362816217483,easyocr,B_,accepted,,1080,1080,C:\Users\Martin\Desktop\memoria\imagenes\top_imagenes\positive\1155_orig_1391.jpg
47,Positivo,1155_orig_1391.jpg,1155_orig_1391_text_08,text,247,695,421,941,174,246,42804,0.0366975308641975,0.3405177055714183,easyocr,1,accepted,,1080,1080,C:\Users\Martin\Desktop\memoria\imagenes\top_imagenes\positive\1155_orig_1391.jpg
47,Positivo,1155_orig_1391.jpg,1155_orig_1391_text_09,text,66,984,110,1032,44,48,2112,0.0018106995884773,0.6882786652853251,easyocr,"6,",accepted,,1080,1080,C:\Users\Martin\Desktop\memoria\imagenes\top_imagenes\positive\1155_orig_1391.jpg
47,Positivo,1155_orig_1391.jpg,1155_orig_1391_text_10,text,332,980,374,1032,42,52,2184,0.001872427983539,0.9999825955194552,easyocr,7,accepted,,1080,1080,C:\Users\Martin\Desktop\memoria\imagenes\top_imagenes\positive\1155_orig_1391.jpg
47,Positivo,1155_orig_1391.jpg,1155_orig_1391_text_11,text,483,979,531,1031,48,52,2496,0.0021399176954732,0.4307751779245788,easyocr,"8 ,",accepted,,1080,1080,C:\Users\Martin\Desktop\memoria\imagenes\top_imagenes\positive\1155_orig_1391.jpg
47,Positivo,1155_orig_1391.jpg,1155_orig_1391_text_12,text,750,980,792,1030,42,50,2100,0.0018004115226337,0.987125381349884,easyocr,9,accepted,,1080,1080,C:\Users\Martin\Desktop\memoria\imagenes\top_imagenes\positive\1155_orig_1391.jpg
47,Positivo,1155_orig_1391.jpg,1155_orig_1391_text_13,text,929,977,993,1031,64,54,3456,0.0029629629629629,0.4995910516820314,easyocr,"10,",accepted,,1080,1080,C:\Users\Martin\Desktop\memoria\imagenes\top_imagenes\positive\1155_orig_1391.jpg
48,Negativo,704_orig_803.jpg,704_orig_803_face_01,face,357,84,417,144,60,60,3600,0.0105455259141652,0.8050099015235901,mediapipe_face_detection,,accepted,,467,731,C:\Users\Martin\Desktop\memoria\imagenes\top_imagenes\negative\704_orig_803.jpg
48,Negativo,704_orig_803.jpg,704_orig_803_face_02,face,214,39,287,112,73,73,5329,0.0156103076657185,0.7442294359207153,mediapipe_face_detection,,accepted,,467,731,C:\Users\Martin\Desktop\memoria\imagenes\top_imagenes\negative\704_orig_803.jpg
49,Neutral,726_orig_825.jpg,726_orig_825_face_01,face,473,157,959,642,486,485,235710,0.1616666666666666,0.766301155090332,mediapipe_face_detection,,accepted,,1080,1350,C:\Users\Martin\Desktop\memoria\imagenes\top_imagenes\neutral\726_orig_825.jpg
49,Neutral,726_orig_825.jpg,726_orig_825_text_01,text,417,892,798,1144,381,252,96012,0.0658518518518518,0.6461080056166225,easyocr,10,accepted,,1080,1350,C:\Users\Martin\Desktop\memoria\imagenes\top_imagenes\neutral\726_orig_825.jpg
49,Neutral,726_orig_825.jpg,726_orig_825_text_02,text,391,1261,696,1350,305,89,27145,0.0186179698216735,0.4257983854166587,easyocr,TDV,accepted,,1080,1350,C:\Users\Martin\Desktop\memoria\imagenes\top_imagenes\neutral\726_orig_825.jpg
50,Neutral,250_orig_249.jpg,250_orig_249_text_01,text,374,1274,705,1306,331,32,10592,0.0072647462277091,0.5345816828839101,easyocr,European model shown. Specifications may vary:,accepted,,1080,1350,C:\Users\Martin\Desktop\memoria\imagenes\top_imagenes\neutral\250_orig_249.jpg
51,Positivo,153_orig_152.jpg,153_orig_152_face_01,face,235,509,500,774,265,265,70225,0.0481652949245541,0.8692363500595093,mediapipe_face_detection,,accepted,,1080,1350,C:\Users\Martin\Desktop\memoria\imagenes\top_imagenes\positive\153_orig_152.jpg
51,Positivo,153_orig_152.jpg,153_orig_152_text_01,text,454,0,735,533,281,533,149773,0.1027249657064472,0.6147822389029898,easyocr,3,accepted,,1080,1350,C:\Users\Martin\Desktop\memoria\imagenes\top_imagenes\positive\153_orig_152.jpg
53,Positivo,26_orig_25.jpg,26_orig_25_face_01,face,401,177,663,439,262,262,68644,0.0588511659807956,0.7669085264205933,mediapipe_face_detection,,accepted,,1080,1080,C:\Users\Martin\Desktop\memoria\imagenes\top_imagenes\positive\26_orig_25.jpg
53,Positivo,26_orig_25.jpg,26_orig_25_text_01,text,678,55,1080,362,402,307,123414,0.1058076131687242,0.9918807475051306,easyocr,OJE,accepted,,1080,1080,C:\Users\Martin\Desktop\memoria\imagenes\top_imagenes\positive\26_orig_25.jpg
56,Positivo,78_orig_77.jpg,78_orig_77_text_01,text,836,944,889,975,53,31,1643,0.0011268861454046,0.6434107764736022,easyocr,GT 4029],accepted,,1080,1350,C:\Users\Martin\Desktop\memoria\imagenes\top_imagenes\positive\78_orig_77.jpg
57,Neutral,423_orig_522.jpg,423_orig_522_text_01,text,509,327,566,376,57,49,2793,0.0116447779862414,0.7374018579891161,easyocr,83,accepted,,585,410,C:\Users\Martin\Desktop\memoria\imagenes\top_imagenes\neutral\423_orig_522.jpg
58,Positivo,10_orig_9.jpg,10_orig_9_text_01,text,236,494,344,534,108,40,4320,0.0140900195694716,0.9972111934507872,easyocr,Hard Rock,accepted,,438,700,C:\Users\Martin\Desktop\memoria\imagenes\top_imagenes\positive\10_orig_9.jpg
60,Neutral,1054_orig_1290.jpg,1054_orig_1290_face_01,face,638,358,723,443,85,85,7225,0.0049554183813443,0.6326028108596802,mediapipe_face_detection,,accepted,,1080,1350,C:\Users\Martin\Desktop\memoria\imagenes\top_imagenes\neutral\1054_orig_1290.jpg
